"patient_id","Tumor_TPM","Normal_TPM","Gene","Tumor_log2TPM1","Normal_log2TPM1","Difference"
"TCGA-A7-A0CE",4.4021,15.6284,"JAK3",2.43352034628316,4.0555774527419,-1.62205710645874
"TCGA-A7-A0CH",1.9841,4.4493,"JAK3",1.57729588247209,2.44607091770805,-0.868775035235955
"TCGA-A7-A0D9",2.2752,3.2646,"JAK3",1.71158300747396,2.09241042968444,-0.380827422210483
"TCGA-A7-A0DB",2.3522,3.9703,"JAK3",1.74510822612574,2.31333293336707,-0.568224707241335
"TCGA-A7-A0DC",3.11955,3.4048,"JAK3",2.04248675288773,2.13907651504611,-0.0965897621583856
"TCGA-A7-A13E",3.9677,5.7235,"JAK3",2.31257805166212,2.74921244106104,-0.436634389398923
"TCGA-A7-A13F",2.1764,4.1392,"JAK3",1.66739260066711,2.36154379796786,-0.694151197300759
"TCGA-A7-A13G",2.387,2.941,"JAK3",1.76000798683207,1.97856174947575,-0.218553762643677
"TCGA-AC-A23H",2.4787,2.3506,"JAK3",1.79854826758263,1.74441946557514,0.0541288020074859
"TCGA-AC-A2FB",18.1659,5.6689,"JAK3",4.2604698412674,2.73744881606975,1.52302102519764
"TCGA-AC-A2FF",8.8798,9.6401,"JAK3",3.3044818371613,3.41143980482667,-0.106957967665362
"TCGA-AC-A2FM",1.9315,6.1032,"JAK3",1.55163905673439,2.82846910688173,-1.27683005014735
"TCGA-BH-A0AU",7.3959,7.2898,"JAK3",3.06968498340433,3.0513372956307,0.0183476877736353
"TCGA-BH-A0AY",6.5817,4.0099,"JAK3",2.92252137169254,2.32478180682489,0.597739564867649
"TCGA-BH-A0AZ",5.4458,6.7925,"JAK3",2.68835942521339,2.96208624985064,-0.273726824637256
"TCGA-BH-A0B3",6.8967,8.1771,"JAK3",2.98124988262192,3.19803832830138,-0.216788445679461
"TCGA-BH-A0B5",6.7828,1.1744,"JAK3",2.96028928366625,1.12061736121794,1.83967192244831
"TCGA-BH-A0B7",13.8894,6.213,"JAK3",3.89621371351757,2.85059942381264,1.04561428970493
"TCGA-BH-A0B8",1.671,1.3464,"JAK3",1.41737997597302,1.23044897620751,0.186930999765517
"TCGA-BH-A0BA",6.5462,6.994,"JAK3",2.91575033698668,2.99891757275836,-0.0831672357716799
"TCGA-BH-A0BC",6.2089,4.3878,"JAK3",2.84977913663453,2.42969629765183,0.420082838982702
"TCGA-BH-A0BJ",4.9846,4.7807,"JAK3",2.58125482322536,2.53124420299953,0.0500106202258301
"TCGA-BH-A0BM",2.6943,4.7551,"JAK3",1.88530102683427,2.52484099668951,-0.639539969855235
"TCGA-BH-A0BQ",7.8213,10.1228,"JAK3",3.14099128223964,3.47544810575669,-0.334456823517048
"TCGA-BH-A0BS",1.09,4.9872,"JAK3",1.06350294230616,2.58188146369133,-1.51837852138518
"TCGA-BH-A0BT",4.1881,4.9076,"JAK3",2.37520628763003,2.56257214540658,-0.187365857776545
"TCGA-BH-A0BV",6.2961,5.78,"JAK3",2.86712550314786,2.76128527336162,0.10584022978624
"TCGA-BH-A0BW",20.3481,46.7911,"JAK3",4.41603576929729,5.57867006913174,-1.16263429983445
"TCGA-BH-A0BZ",15.0172,4.7808,"JAK3",4.00155006415866,2.53126915988299,1.47028090427567
"TCGA-BH-A0C0",20.5714,5.8941,"JAK3",4.43104790641185,2.78536222537443,1.64568568103743
"TCGA-BH-A0C3",9.8247,7.0826,"JAK3",3.43625513697472,3.01481945185481,0.421435685119914
"TCGA-BH-A0DD",5.2681,2.7493,"JAK3",2.64802819645907,1.90662126739614,0.741406929062929
"TCGA-BH-A0DG",9.189,4.2649,"JAK3",3.34894055994994,2.39640612937555,0.952534430574391
"TCGA-BH-A0DH",2.2461,3.7633,"JAK3",1.69870744451986,2.25196141472808,-0.55325397020822
"TCGA-BH-A0DK",13.3065,2.8495,"JAK3",3.83859886337056,1.94467107064773,1.89392779272283
"TCGA-BH-A0DL",10.3169,11.9942,"JAK3",3.50040691461906,3.69979591057048,-0.199388995951421
"TCGA-BH-A0DO",4.8956,5.988,"JAK3",2.55963864492273,2.80487960825467,-0.245240963331947
"TCGA-BH-A0DP",5.181,4.9287,"JAK3",2.62784026504398,2.5677157963124,0.0601244687315856
"TCGA-BH-A0DQ",3.0896,4.7644,"JAK3",2.03195974139755,2.52717044966841,-0.495210708270867
"TCGA-BH-A0DT",9.8171,4.1009,"JAK3",3.4352418679526,2.35075181786518,1.08449005008743
"TCGA-BH-A0DV",6.2791,4.257,"JAK3",2.86376008424221,2.39423973490979,0.46952034933242
"TCGA-BH-A0DZ",4.4449,4.9961,"JAK3",2.44490555292218,2.58402444404312,-0.139118891120937
"TCGA-BH-A0E0",4.3481,3.3484,"JAK3",2.41902644152612,2.12048465689546,0.298541784630665
"TCGA-BH-A0E1",2.2064,3.3809,"JAK3",1.68095441364576,2.13122728356051,-0.450272869914751
"TCGA-BH-A0H5",41.187,5.9512,"JAK3",5.39872659322898,2.79726205475805,2.60146453847093
"TCGA-BH-A0H7",2.2739,2.9497,"JAK3",1.7110102559271,1.98174307735332,-0.270732821426223
"TCGA-BH-A0H9",2.0855,2.735,"JAK3",1.625504294584,1.90110824301451,-0.275603948430509
"TCGA-BH-A0HA",5.1568,5.4586,"JAK3",2.62218070422059,2.69122147266692,-0.0690407684463281
"TCGA-BH-A0HK",2.0643,2.9433,"JAK3",1.61555754638991,1.97940347256801,-0.363845926178104
"TCGA-BH-A18J",3.094,5.1683,"JAK3",2.03351110236132,2.6248729335388,-0.591361831177472
"TCGA-BH-A18K",2.5536,4.3514,"JAK3",1.82928129799753,2.41991636980051,-0.590635071802976
"TCGA-BH-A18L",1.7495,4.9406,"JAK3",1.45916928659895,2.57060865043841,-1.11143936383945
"TCGA-BH-A18M",5.7351,6.7418,"JAK3",2.75169936639033,2.95266903783751,-0.200969671447179
"TCGA-BH-A18N",2.2198,7.3963,"JAK3",1.68697107716928,3.06975371507933,-1.38278263791006
"TCGA-BH-A18P",4.6706,2,"JAK3",2.50350139323239,1.58496250072116,0.918538892511237
"TCGA-BH-A18Q",8.0747,8.045,"JAK3",3.18184994992202,3.17712050284652,0.00472944707550438
"TCGA-BH-A18R",5.7171,3.2959,"JAK3",2.7478385070165,2.10296041064566,0.644878096370838
"TCGA-BH-A18S",1.3246,6.7153,"JAK3",1.21698248926877,2.94772225531805,-1.73073976604928
"TCGA-BH-A18U",4.2072,5.9319,"JAK3",2.38050781933945,2.79325084224409,-0.41274302290464
"TCGA-BH-A18V",13.2764,5.1777,"JAK3",3.83556032376939,2.62706981285272,1.20849051091667
"TCGA-BH-A1EN",1.9591,6.1235,"JAK3",1.565158451877,2.83258625691741,-1.26742780504041
"TCGA-BH-A1EO",6.1545,4.4805,"JAK3",2.83885094616565,2.45430751994023,0.384543426225421
"TCGA-BH-A1ET",4.0172,6.4007,"JAK3",2.32688244921584,2.88766173543979,-0.56077928622395
"TCGA-BH-A1EU",13.9515,4.8315,"JAK3",3.90221832406021,2.54386702651599,1.35835129754423
"TCGA-BH-A1EV",3.1652,5.1686,"JAK3",2.05838577100035,2.62494309841204,-0.566557327411684
"TCGA-BH-A1EW",13.7331,6.1179,"JAK3",3.88098911549048,2.83145166444119,1.04953745104929
"TCGA-BH-A1F0",17.7121,4.7296,"JAK3",4.22589957166889,2.51843442377108,1.70746514789781
"TCGA-BH-A1F2",2.4989,4.4354,"JAK3",1.80690143234978,2.44238620945346,-0.635484777103683
"TCGA-BH-A1F6",11.4561,3.8561,"JAK3",3.63878052670059,2.27979813082313,1.35898239587745
"TCGA-BH-A1F8",2.8109,5.7288,"JAK3",1.93013175157781,2.75034924058415,-0.82021748900634
"TCGA-BH-A1FB",15.9307,6.3382,"JAK3",4.08156971759826,2.87542622525641,1.20614349234185
"TCGA-BH-A1FC",8.0924,8.6133,"JAK3",3.18466115372489,3.26503175632628,-0.0803706026013886
"TCGA-BH-A1FD",2.9547,3.2834,"JAK3",1.98356825729526,2.09875640780814,-0.115188150512878
"TCGA-BH-A1FE",19.0944,6.3109,"JAK3",4.32872159540183,2.87004901843666,1.45867257696517
"TCGA-BH-A1FG",1.2783,3.1946,"JAK3",1.18795772949358,2.06853324081271,-0.880575511319134
"TCGA-BH-A1FH",9.8318,5.2843,"JAK3",3.43720110101853,2.6517520536718,0.785449047346729
"TCGA-BH-A1FJ",1.256,4.7054,"JAK3",1.17376706773671,2.51232803599453,-1.33856096825783
"TCGA-BH-A1FM",3.4398,5.3979,"JAK3",2.15049468884858,2.67759844312074,-0.52710375427216
"TCGA-BH-A1FN",3.5772,10.8521,"JAK3",2.194465331638,3.56707079883509,-1.3726054671971
"TCGA-BH-A1FR",5.7331,8.3284,"JAK3",2.75127089189441,3.22162965235098,-0.470358760456571
"TCGA-BH-A1FU",15.2392,10.9993,"JAK3",4.02140865693871,3.58487834105576,0.43653031588295
"TCGA-BH-A203",7.1067,3.7698,"JAK3",3.01911475506972,2.2539287746045,0.765185980465222
"TCGA-BH-A204",1.6965,1.2453,"JAK3",1.43108803384847,1.16690821984245,0.264179814006024
"TCGA-BH-A208",5.7336,3.4642,"JAK3",2.75137802244915,2.15840166259378,0.592976359855378
"TCGA-BH-A209",20.1149,8.6384,"JAK3",4.40018950945041,3.26879367512248,1.13139583432793
"TCGA-E2-A153",4.3121,10.8317,"JAK3",2.40928230559789,3.56458547248437,-1.15530316688648
"TCGA-E2-A158",3.0881,2.9295,"JAK3",2.03143048681848,1.97434575181936,0.0570847349991253
"TCGA-E2-A15I",8.5424,1.3102,"JAK3",3.25435216273399,1.20801775489589,2.0463344078381
"TCGA-E2-A15K",13.7948,6.9805,"JAK3",3.88701828881978,2.99647913804195,0.89053915077782
"TCGA-E2-A15M",15.7687,4.7207,"JAK3",4.06769894262976,2.51619168979036,1.5515072528394
"TCGA-E2-A1BC",4.1812,2.4268,"JAK3",2.37328627427302,1.77686199359969,0.59642428067333
"TCGA-E2-A1IG",6.0213,3.6402,"JAK3",2.81173817154363,2.21418698914376,0.597551182399871
"TCGA-E2-A1L7",16.0734,13.7804,"JAK3",4.09367848041757,3.88561340836382,0.208065072053754
"TCGA-E2-A1LB",1.5131,4.1963,"JAK3",1.32946807934977,2.37748472486167,-1.04801664551191
"TCGA-E2-A1LH",12.0538,7.5972,"JAK3",3.70639793563881,3.10386686866848,0.602531066970331
"TCGA-E2-A1LS",0.709,1.1522,"JAK3",0.773152397014052,1.10581215112923,-0.332659754115179
"TCGA-E9-A1N4",9.0037,5.1284,"JAK3",3.32246179332437,2.61551046488412,0.706951328440245
"TCGA-E9-A1N5",8.9277,7.0201,"JAK3",3.31145952007629,3.00362022528427,0.307839294792019
"TCGA-E9-A1N6",3.3618,8.8237,"JAK3",2.12492362013382,3.29626650379433,-1.17134288366051
"TCGA-E9-A1N9",5.2968,3.7535,"JAK3",2.65461884496113,2.2489901604413,0.405628684519824
"TCGA-E9-A1NA",2.0265,8.9864,"JAK3",1.59765035104811,3.31996469421647,-1.72231434316835
"TCGA-E9-A1ND",17.5815,5.4039,"JAK3",4.21579506351925,2.67895077964828,1.53684428387097
"TCGA-E9-A1NF",4.8324,3.7844,"JAK3",2.5440896665488,2.25833801116904,0.285751655379764
"TCGA-E9-A1NG",8.273,4.0422,"JAK3",3.21303615491729,2.33405334415552,0.878982810761772
"TCGA-E9-A1R7",1.2159,2.4622,"JAK3",1.14789277635129,1.79168906689809,-0.643796290546806
"TCGA-E9-A1RB",3.7632,4.367,"JAK3",2.25193112668859,2.42411588811098,-0.172184761422391
"TCGA-E9-A1RC",0.895,1.4013,"JAK3",0.922197848396367,1.26381565407864,-0.341617805682272
"TCGA-E9-A1RD",2.1498,3.4006,"JAK3",1.65526022601937,2.13770024147961,-0.482440015460238
"TCGA-E9-A1RF",7.6793,1.6586,"JAK3",3.11757869160385,1.41066673265765,1.7069119589462
"TCGA-E9-A1RH",9.0851,1.5242,"JAK3",3.33415348412221,1.3358262239405,1.99832726018171
"TCGA-E9-A1RI",3.2979,1.2996,"JAK3",2.10363191571534,1.20138293586405,0.902248979851282
"TCGA-GI-A2C8",4.3754,0.1582,"JAK3",2.42637211405926,0.211884401940305,2.21448771211896
"TCGA-GI-A2C9",2.2116,6.2708,"JAK3",1.68329221852398,2.86211411139865,-1.17882189287467
"TCGA-A7-A0CE",1.8925,1.8242,"EPHB2",1.53231695933277,1.49784225886096,0.0344747004718047
"TCGA-A7-A0CH",2.4874,1.9207,"EPHB2",1.80215184874899,1.54631417920801,0.255837669540986
"TCGA-A7-A0D9",9.434,3.2892,"EPHB2",3.38322043336566,2.10070858859668,1.28251184476897
"TCGA-A7-A0DB",1.8593,4.2174,"EPHB2",1.51566199660636,2.38333104404124,-0.867669047434881
"TCGA-A7-A0DC",2.72565,2.7398,"EPHB2",1.89749214905636,1.90296111858259,-0.00546896952622822
"TCGA-A7-A13E",5.8957,3.3365,"EPHB2",2.78569701080652,2.11653110953612,0.669165901270405
"TCGA-A7-A13F",3.315,2.4321,"EPHB2",2.10936055940423,1.77909158879384,0.33026897061039
"TCGA-A7-A13G",1.4067,0.9928,"EPHB2",1.26705631817869,0.994796926691387,0.272259391487299
"TCGA-AC-A23H",4.9638,2.7471,"EPHB2",2.57623187669475,1.90577447982315,0.670457396871597
"TCGA-AC-A2FB",4.3368,2.9583,"EPHB2",2.4159749464181,1.98488095854777,0.43109398787033
"TCGA-AC-A2FF",3.4812,3.6053,"EPHB2",2.16388511670894,2.2032951399029,-0.0394100231939625
"TCGA-AC-A2FM",2.1081,1.192,"EPHB2",1.63603292175824,1.13224779829844,0.503785123459796
"TCGA-BH-A0AU",3.3593,0.8552,"EPHB2",2.12409649105583,0.891574725096554,1.23252176595928
"TCGA-BH-A0AY",5.3827,1.6077,"EPHB2",2.6741668397593,1.3827779058392,1.29138893392011
"TCGA-BH-A0AZ",2.9584,1.2563,"EPHB2",1.98491740542692,1.1739589027268,0.810958502700118
"TCGA-BH-A0B3",4.8424,2.0755,"EPHB2",2.54656113568525,1.62082097594152,0.925740159743726
"TCGA-BH-A0B5",6.5044,2.9321,"EPHB2",2.90773672852445,1.97530001233708,0.932436716187365
"TCGA-BH-A0B7",5.9957,0.897,"EPHB2",2.80646842279411,0.923719678749389,1.88274874404473
"TCGA-BH-A0B8",4.9295,1.3579,"EPHB2",2.56791045587868,1.23750253402449,1.33040792185419
"TCGA-BH-A0BA",1.1845,1.869,"EPHB2",1.12730310578213,1.52054796810658,-0.393244862324447
"TCGA-BH-A0BC",5.3754,1.8094,"EPHB2",2.67251586117349,1.49026204879057,1.18225381238292
"TCGA-BH-A0BJ",2.899,1.7285,"EPHB2",1.96310415473555,1.44810804371056,0.514996111024993
"TCGA-BH-A0BM",1.0878,0.6668,"EPHB2",1.06198351610896,0.737081005153099,0.324902510955858
"TCGA-BH-A0BQ",2.8622,1.9928,"EPHB2",1.94942287468142,1.58149587100138,0.367927003680041
"TCGA-BH-A0BS",0.8644,0.5824,"EPHB2",0.898711417989495,0.662114331209661,0.236597086779833
"TCGA-BH-A0BT",2.0124,0.7901,"EPHB2",1.59091335025591,0.840040182726607,0.750873167529301
"TCGA-BH-A0BV",4.9807,1.4267,"EPHB2",2.58031435188595,1.27899576680628,1.30131858507967
"TCGA-BH-A0BW",12.9508,3.8341,"EPHB2",3.80227594976906,2.2732473175412,1.52902863222786
"TCGA-BH-A0BZ",6.0867,1.4971,"EPHB2",2.82511397697901,1.32025359724342,1.50486037973558
"TCGA-BH-A0C0",4.1503,0.7832,"EPHB2",2.36465647033599,0.834468521710303,1.53018794862569
"TCGA-BH-A0C3",4.0081,0.7245,"EPHB2",2.32426336979124,0.786178128798766,1.53808524099248
"TCGA-BH-A0DD",5.5822,3.3115,"EPHB2",2.71856986338486,2.10818988000466,0.610379983380191
"TCGA-BH-A0DG",3.3874,1.451,"EPHB2",2.13336624310422,1.29337048420475,0.839995758899463
"TCGA-BH-A0DH",2.5323,1.195,"EPHB2",1.82060787699896,1.13422093976063,0.686386937238323
"TCGA-BH-A0DK",3.3328,1.1255,"EPHB2",2.11529964402555,1.08780225897709,1.02749738504846
"TCGA-BH-A0DL",25.2782,2.0986,"EPHB2",4.71579455243456,1.63161652863745,3.08417802379711
"TCGA-BH-A0DO",1.3483,0.9789,"EPHB2",1.23161672738537,0.98469871033933,0.246918017046035
"TCGA-BH-A0DP",3.5929,1.2406,"EPHB2",2.1994053724823,1.16388511670894,1.03552025577335
"TCGA-BH-A0DQ",3.1639,2.5546,"EPHB2",2.05793542136633,1.82968722215566,0.228248199210666
"TCGA-BH-A0DT",2.1937,1.0277,"EPHB2",1.67522879964973,1.01984422012829,0.655384579521434
"TCGA-BH-A0DV",6.265,0.7691,"EPHB2",2.86096279785812,0.823015599993622,2.03794719786449
"TCGA-BH-A0DZ",3.0002,2.069,"EPHB2",2.00007213294874,1.6177686458044,0.382303487144338
"TCGA-BH-A0E0",2.7749,1.3959,"EPHB2",1.91643842684435,1.26056769422236,0.655870732621989
"TCGA-BH-A0E1",1.2181,0.4296,"EPHB2",1.14932440889545,0.515611539492041,0.633712869403408
"TCGA-BH-A0H5",2.7797,0.9273,"EPHB2",1.91827173029605,0.946581156389953,0.971690573906099
"TCGA-BH-A0H7",6.5742,1.8757,"EPHB2",2.92109351670671,1.52391317818079,1.39718033852591
"TCGA-BH-A0H9",2.3156,1.7781,"EPHB2",1.7292699679842,1.47409853125145,0.255171436732745
"TCGA-BH-A0HA",3.6536,0.9293,"EPHB2",2.2183472092785,0.948077495310474,1.27026971396802
"TCGA-BH-A0HK",2.2474,1.8751,"EPHB2",1.6992851001996,1.5236121358814,0.1756729643182
"TCGA-BH-A18J",4.0307,0.6824,"EPHB2",2.33075915873154,0.75052075518233,1.58023840354921
"TCGA-BH-A18K",2.8695,1.77,"EPHB2",1.95214715961952,1.46988597627446,0.482261183345058
"TCGA-BH-A18L",2.0787,3.096,"EPHB2",1.62232129265106,2.03421571533791,-0.411894422686855
"TCGA-BH-A18M",5.4796,3.7498,"EPHB2",2.69590475511173,2.24786676711035,0.448037988001377
"TCGA-BH-A18N",1.3833,1.5157,"EPHB2",1.25296056347575,1.33095988949952,-0.0779993260237717
"TCGA-BH-A18P",2.8586,1.1407,"EPHB2",1.94807749531047,1.09808262905459,0.849994866255887
"TCGA-BH-A18Q",2.2927,1.0618,"EPHB2",1.71927107305431,1.04390439429562,0.675366678758685
"TCGA-BH-A18R",2.6741,1.413,"EPHB2",1.87739089360787,1.27082791555366,0.60656297805421
"TCGA-BH-A18S",1.1383,2.612,"EPHB2",1.09646427501803,1.85279789281877,-0.75633361780074
"TCGA-BH-A18U",3.6983,1.182,"EPHB2",2.2321388365289,1.12565110166152,1.10648773486738
"TCGA-BH-A18V",4.4689,1.1766,"EPHB2",2.45125068235363,1.12207630369574,1.32917437865789
"TCGA-BH-A1EN",1.8117,2.1844,"EPHB2",1.49144267136595,1.67102156759349,-0.17957889622754
"TCGA-BH-A1EO",12.2745,3.7452,"EPHB2",3.73058561609717,2.24646889502878,1.48411672106839
"TCGA-BH-A1ET",1.583,1.0234,"EPHB2",1.36904764345591,1.0167815502334,0.352266093222511
"TCGA-BH-A1EU",3.9218,1.1886,"EPHB2",2.29918603429535,1.13000830410861,1.16917773018674
"TCGA-BH-A1EV",1.7872,2.0749,"EPHB2",1.47881652904942,1.62053949277709,-0.14172296372767
"TCGA-BH-A1EW",2.4677,0.9767,"EPHB2",1.79397909255241,0.98309393259779,0.810885159954623
"TCGA-BH-A1F0",9.8995,1.0624,"EPHB2",3.44619004970006,1.0443241688122,2.40186588088786
"TCGA-BH-A1F2",3.0206,2.3042,"EPHB2",2.00741081295462,1.72430101432258,0.283109798632036
"TCGA-BH-A1F6",5.0096,1.9858,"EPHB2",2.58726896810433,1.57811753162394,1.00915143648039
"TCGA-BH-A1F8",2.1864,1.7017,"EPHB2",1.67192738481474,1.43386748497405,0.23805989984069
"TCGA-BH-A1FB",4.0075,0.7547,"EPHB2",2.32409051603798,0.811224394912364,1.51286612112562
"TCGA-BH-A1FC",1.972,1.2715,"EPHB2",1.57143411587651,1.18364530539466,0.387788810481854
"TCGA-BH-A1FD",4.1842,0.9609,"EPHB2",2.37412137667978,0.97151596429973,1.40260541238005
"TCGA-BH-A1FE",4.2329,0.7299,"EPHB2",2.38761068951205,0.790688642674781,1.59692204683726
"TCGA-BH-A1FG",1.4482,0.2068,"EPHB2",1.29172142045789,0.271186601597253,1.02053481886064
"TCGA-BH-A1FH",6.2604,2.6104,"EPHB2",2.86004903336145,1.85215868366304,1.00789034969841
"TCGA-BH-A1FJ",1.1158,1.6519,"EPHB2",1.08120326041739,1.40702637415934,-0.325823113741941
"TCGA-BH-A1FM",0.5396,1.3568,"EPHB2",0.622555576261389,1.2368293354864,-0.61427375922501
"TCGA-BH-A1FN",9.3306,2.7763,"EPHB2",3.36885214307742,1.9169733810451,1.45187876203231
"TCGA-BH-A1FR",2.4338,3.0268,"EPHB2",1.77980601272068,2.00963381939727,-0.229827806676593
"TCGA-BH-A1FU",4.6969,2.1098,"EPHB2",2.5101770822187,1.63682179955641,0.87335528266229
"TCGA-BH-A203",2.6604,0.7913,"EPHB2",1.87200131148318,0.841006974547601,1.03099433693558
"TCGA-BH-A204",4.5052,2.7704,"EPHB2",2.46079497682632,1.9147175864659,0.546077390360418
"TCGA-BH-A208",5.6981,0.8522,"EPHB2",2.74375191507526,0.889239888786831,1.85451202628842
"TCGA-BH-A209",3.1908,2.7021,"EPHB2",2.06722567253197,1.88834386537477,0.178881807157198
"TCGA-E2-A153",3.7073,1.3316,"EPHB2",2.23489980006782,1.22132030675705,1.01357949331077
"TCGA-E2-A158",0.4965,5.4454,"EPHB2",0.581592278836014,2.68826989467837,-2.10667761584235
"TCGA-E2-A15I",3.6902,0.8585,"EPHB2",2.2296494436055,0.894138688199671,1.33551075540583
"TCGA-E2-A15K",3.7873,2.056,"EPHB2",2.25921221653414,1.61164454337366,0.647567673160482
"TCGA-E2-A15M",6.4496,1.8438,"EPHB2",2.89716296335883,1.50782000604235,1.38934295731648
"TCGA-E2-A1BC",2.1641,3.3232,"EPHB2",1.66179519627855,2.11209957977624,-0.45030438349768
"TCGA-E2-A1IG",5.4531,3.0671,"EPHB2",2.68999238227529,2.02400046356387,0.665991918711422
"TCGA-E2-A1L7",5.134,2.909,"EPHB2",2.61682816660493,1.9667995846272,0.650028581977729
"TCGA-E2-A1LB",1.3233,0.9939,"EPHB2",1.21617545658645,0.995593056114343,0.220582400472111
"TCGA-E2-A1LH",1.0523,0.9881,"EPHB2",1.03724163585593,0.991390325248138,0.0458513106077945
"TCGA-E2-A1LS",0.1635,4.453,"EPHB2",0.218471210743262,2.44705015545719,-2.22857894471392
"TCGA-E9-A1N4",4.8939,1.3807,"EPHB2",2.55922258290372,1.251385833216,1.30783674968773
"TCGA-E9-A1N5",4.8831,3.0002,"EPHB2",2.55657655916095,2.00007213294874,0.556504426212213
"TCGA-E9-A1N6",8.4377,1.6139,"EPHB2",3.23843531267086,1.38620394898961,1.85223136368125
"TCGA-E9-A1N9",3.1365,0.7242,"EPHB2",2.04841058215241,0.785927130733781,1.26248345141863
"TCGA-E9-A1NA",4.7021,2.6618,"EPHB2",2.51149334061558,1.8725529962451,0.638940344370478
"TCGA-E9-A1ND",9.9123,4.0549,"EPHB2",3.44788330735355,2.33768255188475,1.1102007554688
"TCGA-E9-A1NF",2.6788,5.1803,"EPHB2",1.87923524552771,2.62767687016971,-0.748441624642
"TCGA-E9-A1NG",4.4853,1.2057,"EPHB2",2.45557052613012,1.14123658152569,1.31433394460442
"TCGA-E9-A1R7",0.6525,2.479,"EPHB2",0.724650271732967,1.7986726789578,-1.07402240722484
"TCGA-E9-A1RB",2.3242,1.7132,"EPHB2",1.73300718425268,1.43999539792324,0.293011786329441
"TCGA-E9-A1RC",1.5763,2.3041,"EPHB2",1.36530059939658,1.72425735120072,-0.358956751804147
"TCGA-E9-A1RD",2.6907,1.6193,"EPHB2",1.88389447231603,1.38918130738824,0.494713164927798
"TCGA-E9-A1RF",2.7109,2.6159,"EPHB2",1.8917691243316,1.85435477966156,0.0374143446700412
"TCGA-E9-A1RH",11.1344,2.5928,"EPHB2",3.60103086934881,1.84510862723012,1.75592224211869
"TCGA-E9-A1RI",3.628,0.7963,"EPHB2",2.2103888644454,0.845028314649543,1.36536054979586
"TCGA-GI-A2C8",7.2858,0.4195,"EPHB2",3.05064099742423,0.505382849062305,2.54525814836193
"TCGA-GI-A2C9",3.966,1.8844,"EPHB2",2.31208426151475,1.52827124710328,0.783813014411477
