"project","N","Median_leukocyte_fraction","Spearman_rho","Spearman_P","Linear_beta_LF","Linear_P","R_squared_LF","Low_N","Spearman_FDR","Linear_FDR"
"TCGA-BRCA",1078,0.181080138269661,0.819848650191249,8.01613104926949e-263,5.94079831413157,1.67991164689689e-275,0.689460600436416,FALSE,2.40483931478085e-261,5.03973494069068e-274
"TCGA-PRAD",497,0.0870783745596269,0.782677995684953,5.41993396265149e-104,8.64290015689468,3.72171609701136e-111,0.637532579930408,FALSE,8.12990094397724e-103,5.58257414551703e-110
"TCGA-LIHC",371,0.158120752023793,0.769119651705943,9.71481545055242e-74,5.79081593794705,5.62973790267156e-77,0.607688393293914,FALSE,9.71481545055242e-73,5.62973790267156e-76
"TCGA-BLCA",406,0.200311940452453,0.698504595056319,1.0999560985695e-60,4.46687642991128,4.09263540378178e-67,0.524013263834044,FALSE,8.24967073927124e-60,3.06947655283633e-66
"TCGA-LGG",516,0.0827219871847282,0.609825509531938,7.16662197550969e-54,6.98434605072506,1.44107675730727e-55,0.381332941678285,FALSE,4.29997318530581e-53,8.64646054384361e-55
"TCGA-LUAD",514,0.30012076391046,0.601188072773186,7.95218470279272e-52,3.9546679143307,1.00084396269439e-54,0.377815602096594,FALSE,3.97609235139636e-51,5.00421981347195e-54
"TCGA-STAD",412,0.265969655616886,0.612370648969095,9.16736831174092e-44,4.8066986266901,6.19231646306053e-44,0.376188073093005,FALSE,3.92887213360325e-43,2.3221186736477e-43
"TCGA-KIRC",532,0.223348146242391,0.541311592598686,7.89546036371892e-42,4.05009988558777,2.52744854122378e-46,0.319985192776561,FALSE,2.96079763639459e-41,1.08319223195305e-45
"TCGA-COAD",456,0.162551890789578,0.558931371519187,7.91355348670928e-39,3.96265756536985,1.43310931121809e-40,0.324392770509146,FALSE,2.63785116223643e-38,4.77703103739363e-40
"TCGA-THCA",505,0.0920039571514254,0.529505900900649,7.70693731217631e-38,5.16341684751839,4.41463378470567e-35,0.262071763495305,FALSE,2.31208119365289e-37,1.3243901354117e-34
"TCGA-TGCT",133,0.275,0.821951838593455,7.96979788435702e-34,4.83847920515051,5.84281186714041e-34,0.677133258381475,FALSE,2.17358124118828e-33,1.59349414558375e-33
"TCGA-UCEC",545,0.129043047651871,0.476878228355562,2.69778939439219e-32,4.0465719957364,2.57353470311384e-31,0.221008329035712,FALSE,6.74447348598047e-32,5.93892623795502e-31
"TCGA-SARC",259,0.134852045491347,0.637122274331577,6.73800310290648e-31,4.9200922199418,4.26526583502423e-30,0.397380966016277,FALSE,1.55492379297842e-30,9.1398553607662e-30
"TCGA-GBM",230,0.13355343646439,0.649780179949157,5.60529462173154e-29,4.0758944574187,9.97797891727686e-26,0.38326446293298,FALSE,1.20113456179962e-28,1.87087104698941e-25
"TCGA-CESC",304,0.205992936281507,0.581288068409947,7.14999405925151e-29,3.74564260512675,8.73336299828158e-28,0.326903187188273,FALSE,1.4299988118503e-28,1.74667259965632e-27
"TCGA-PAAD",178,0.300205496797192,0.700851872854226,1.27965607641457e-27,4.37705962150969,1.03169928047706e-33,0.56583997149892,FALSE,2.39935514327732e-27,2.57924820119264e-33
"TCGA-LUSC",500,0.301599743832093,0.444163211312762,1.37539416564906e-25,2.49570385679884,1.6330114006466e-21,0.166733999760201,FALSE,2.42716617467482e-25,2.88178482467047e-21
"TCGA-HNSC",520,0.293706839954253,0.369566256361326,2.84034655657822e-18,2.76294080445932,1.49749850349349e-16,0.123425978167856,FALSE,4.73391092763036e-18,2.49583083915582e-16
"TCGA-READ",164,0.12307261952935,0.533633506998762,1.87592497801906e-13,4.30063625158068,5.7843325738211e-12,0.254338174541659,FALSE,2.96198680739851e-13,7.88772623702877e-12
"TCGA-ESCA",184,0.210012125229277,0.476773708847836,7.8275995201751e-12,4.01813320017762,4.1569684680734e-14,0.269873686408698,FALSE,1.17413992802626e-11,6.23545270211011e-14
"TCGA-OV",425,0.0975719042313704,0.316877034784396,2.28682651085136e-11,3.93061081378063,2.03945636387482e-11,0.100888208942918,FALSE,3.26689501550195e-11,2.54932045484352e-11
"TCGA-MESO",87,0.238995523064905,0.638696507982795,2.81475804424918e-11,3.92042546213017,3.99383085283326e-16,0.543232835375433,FALSE,3.83830642397616e-11,6.30604871499988e-16
"TCGA-PCPG",179,0.0860956000809657,0.447399434749624,3.41121600692057e-10,5.87173952445664,1.58855567994364e-11,0.226887503812567,FALSE,4.44941218293988e-10,2.07202914775258e-11
"TCGA-KICH",66,0.0776395022449922,0.659910239014717,1.67190425666177e-09,6.14863854646108,7.28573931146082e-13,0.555155803086047,FALSE,2.08988032082722e-09,1.04081990163726e-12
"TCGA-SKCM",103,0.229057124496982,0.527863199051092,1.00591493236219e-08,3.69284924465234,8.31302961142287e-09,0.281294570363034,FALSE,1.20709791883462e-08,9.97563553370744e-09
"TCGA-CHOL",35,0.115537197209211,0.605042016806723,0.000117978386102126,4.62332468322337,9.13043095492711e-07,0.523292745627161,FALSE,0.000136128907040914,1.01449232832523e-06
"TCGA-UVM",80,0.0277137418607777,0.415096108766995,0.000128897285994601,6.69299769833173,1.07923661101822e-08,0.344096296054696,FALSE,0.000143219206660668,1.24527301271333e-08
"TCGA-UCS",57,0.0618683403433786,0.328039927404719,0.0127336126373637,2.30976619857986,0.118227687159943,0.0437912574648017,FALSE,0.0136431563971754,0.118227687159943
"TCGA-ACC",79,0.0557399449350534,0.240043816942551,0.033104835480852,3.45855029228325,0.0134961902302595,0.0766722493941932,FALSE,0.0342463815319159,0.0139615761002684
"TCGA-KIRP",290,0.176194449326972,0.0870572490303915,0.13915693154012,1.10909944843503,0.00682712483255009,0.0251322156823832,FALSE,0.13915693154012,0.00731477660630366
