"project","Early_stage_definition","Stage_I_n","normal_n","Stage_I_median_TPM","normal_median_TPM","Median_log2TPM1_difference","Direction","Wilcoxon_P","Small_stageI_n","Small_normal_n","Wilcoxon_FDR"
"TCGA-KIRC","AJCC Stage I/IA/IB/IC only",267,72,11.7827,1.97735,2.10211808662768,"UP",0,FALSE,FALSE,0
"TCGA-LUAD","AJCC Stage I/IA/IB/IC only",276,59,12.24115,6.389,0.841573800044648,"UP",3.33066907387547e-15,FALSE,FALSE,2.83106871279415e-14
"TCGA-KIRP","AJCC Stage I/IA/IB/IC only",172,32,9.3581,1.78935,1.89266124136335,"UP",3.39886785383214e-10,FALSE,FALSE,1.92602511717155e-09
"TCGA-HNSC","AJCC Stage I/IA/IB/IC only",27,44,6.0806,2.3946,1.06063052253723,"UP",1.14197374980751e-05,FALSE,FALSE,4.85338843668193e-05
"TCGA-CHOL","AJCC Stage I/IA/IB/IC only",18,9,10.18365,1.0543,2.44437678251072,"UP",6.71484450578408e-05,FALSE,TRUE,0.000199930978896257
"TCGA-THCA","AJCC Stage I/IA/IB/IC only",284,59,9.6633,2.2896,1.69662309465076,"UP",7.05638749045612e-05,FALSE,FALSE,0.000199930978896257
"TCGA-COAD","AJCC Stage I/IA/IB/IC only",75,41,6.8942,4.0685,0.639234219230982,"UP",0.00200298296369961,FALSE,FALSE,0.00486438719755619
"TCGA-KICH","AJCC Stage I/IA/IB/IC only",21,25,1.6361,2.4228,-0.376771895924068,"DOWN",0.00509927425750153,FALSE,FALSE,0.0102486139494839
"TCGA-STAD","AJCC Stage I/IA/IB/IC only",58,36,5.4408,3.33965,0.569681803491767,"UP",0.0054257367967856,FALSE,FALSE,0.0102486139494839
"TCGA-LIHC","AJCC Stage I/IA/IB/IC only",171,50,1.8855,1.18825,0.399562133976758,"UP",0.0131221519475249,FALSE,FALSE,0.0223076583107923
"TCGA-BRCA","AJCC Stage I/IA/IB/IC only",182,113,5.52685,4.7808,0.175111383623985,"UP",0.0319829578141104,FALSE,FALSE,0.0490710639375351
"TCGA-PAAD","AJCC Stage I/IA/IB/IC only",21,4,9.2812,22.361,-1.16493394333224,"DOWN",0.0346383980735542,FALSE,TRUE,0.0490710639375351
"TCGA-READ","AJCC Stage I/IA/IB/IC only",30,10,5.2562,3.3105,0.541165904824074,"UP",0.0547396162297837,FALSE,FALSE,0.0715825750697172
"TCGA-ESCA","AJCC Stage I/IA/IB/IC only",18,13,5.9514,3.1418,0.745356384765065,"UP",0.143968957452626,FALSE,FALSE,0.174819448335331
"TCGA-LUSC","AJCC Stage I/IA/IB/IC only",244,51,9.66245,9.175,0.0674837436155054,"UP",0.290604139431007,FALSE,FALSE,0.329351358021808
"TCGA-SKCM","AJCC Stage I/IA/IB/IC only",2,1,6.66545,41.126,-2.85495968367266,"DOWN",0.54029137460742,TRUE,TRUE,0.574059585520384
"TCGA-BLCA","AJCC Stage I/IA/IB/IC only",2,19,7.03346666666667,5.8024,0.179013741557217,"UP",0.589791589993485,TRUE,FALSE,0.589791589993485
