"Module","File"
"Availability","TCGA_JAK3_pan_cancer/results/JAK3_complete_33cancer_analysis_availability.csv"
"Tumor vs normal","TCGA_JAK3_pan_cancer/results/JAK3_complete_tumor_normal.csv"
"Matched tumor-normal","TCGA_JAK3_pan_cancer/results/JAK3_complete_matched_tumor_normal.csv"
"Stage-I vs normal","TCGA_JAK3_pan_cancer/results/JAK3_complete_stageI_vs_normal.csv"
"Aberrant prevalence","TCGA_JAK3_pan_cancer/results/JAK3_complete_aberrant_prevalence_P95.csv"
"Stage statistics","TCGA_JAK3_pan_cancer/results/JAK3_stage_statistics_complete.csv"
"Grade statistics","TCGA_JAK3_pan_cancer/results/JAK3_grade_statistics_complete.csv"
"Survival","TCGA_JAK3_pan_cancer/results/JAK3_TCGA_CDR_survival_complete.csv"
"PanImmune leukocyte fraction","TCGA_JAK3_pan_cancer/results/JAK3_PanImmune_leukocyte_correlations.csv"
"PanImmune stage-adjusted","TCGA_JAK3_pan_cancer/results/JAK3_PanImmune_stage_adjusted.csv"
"PanImmune grade-adjusted","TCGA_JAK3_pan_cancer/results/JAK3_PanImmune_grade_adjusted.csv"
"CIBERSORT robustness","TCGA_JAK3_pan_cancer/results/JAK3_CIBERSORT_robustness_by_cancer.csv"
"Immune-marker correlations","TCGA_JAK3_pan_cancer/results/immune_markers/JAK3_pan_cancer_immune_marker_correlations.csv"
"Immune-adjusted tumor/Stage-I models","TCGA_JAK3_pan_cancer/results/immune_markers/JAK3_pan_cancer_immune_adjusted_models.csv"
