"project","Patients_used","Stage_groups_used","Groups_used","All_stage_groups","Sparse_groups_excluded","Kruskal_Wallis_P","Spearman_rho","Spearman_P","Kruskal_Wallis_FDR","Stage_trend_FDR"
"TCGA-KIRC",530,4,"Stage I; Stage II; Stage III; Stage IV","Stage I:n=267; Stage II:n=57; Stage III:n=123; Stage IV:n=83",FALSE,7.7684189009378e-06,0.218131752463982,3.95512751223096e-07,7.76841890093781e-05,7.91025502446193e-06
"TCGA-STAD",388,4,"Stage I; Stage II; Stage III; Stage IV","Stage I:n=58; Stage II:n=122; Stage III:n=169; Stage IV:n=39",FALSE,5.77691891324722e-06,0.157255109815132,0.00189044461761068,7.76841890093781e-05,0.0189044461761068
"TCGA-CHOL",34,3,"Stage I; Stage II; Stage IV","Stage I:n=18; Stage II:n=9; Stage III:n=1; Stage IV:n=7",TRUE,0.108343452759872,-0.283095137971066,0.104727457099218,0.363815321584986,0.418909828396872
"TCGA-COAD",445,4,"Stage I; Stage II; Stage III; Stage IV","Stage I:n=75; Stage II:n=177; Stage III:n=128; Stage IV:n=65",FALSE,0.199489979904603,-0.0820503851884797,0.0838265171053164,0.460683198486433,0.418909828396872
"TCGA-TGCT",130,3,"Stage I; Stage II; Stage III","Stage I:n=103; Stage II:n=13; Stage III:n=14",FALSE,0.125593152048317,-0.14660497276263,0.0960294243631601,0.363815321584986,0.418909828396872
"TCGA-BLCA",402,3,"Stage II; Stage III; Stage IV","Stage I:n=2; Stage II:n=129; Stage III:n=140; Stage IV:n=133",TRUE,0.127335362554745,0.0437087351756916,0.382093044386153,0.363815321584986,0.684478314314838
"TCGA-ESCA",161,4,"Stage I; Stage II; Stage III; Stage IV","Stage I:n=18; Stage II:n=78; Stage III:n=56; Stage IV:n=9",FALSE,0.566682575387747,0.0794968060972487,0.316136324761002,0.755576767183663,0.684478314314838
"TCGA-HNSC",445,4,"Stage I; Stage II; Stage III; Stage IV","Stage I:n=27; Stage II:n=71; Stage III:n=81; Stage IV:n=266",FALSE,0.558868841203356,-0.0429138549514742,0.36645229456541,0.755576767183663,0.684478314314838
"TCGA-KIRP",260,4,"Stage I; Stage II; Stage III; Stage IV","Stage I:n=172; Stage II:n=21; Stage III:n=52; Stage IV:n=15",FALSE,0.742656950301823,-0.0483704856222476,0.437366889909223,0.819945608851291,0.684478314314838
"TCGA-LUAD",509,4,"Stage I; Stage II; Stage III; Stage IV","Stage I:n=276; Stage II:n=122; Stage III:n=85; Stage IV:n=26",FALSE,0.562895090261586,-0.0485669474955739,0.274098927848067,0.755576767183663,0.684478314314838
"TCGA-PAAD",168,2,"Stage I; Stage II","Stage I:n=21; Stage II:n=147; Stage III:n=3; Stage IV:n=4",TRUE,0.292468665401688,0.0814620331244249,0.293841720294192,0.487447775669479,0.684478314314838
"TCGA-SKCM",93,2,"Stage II; Stage III","Stage I:n=2; Stage II:n=66; Stage III:n=27; Stage IV:n=3",TRUE,0.274899503932237,0.113833120945595,0.277277343857449,0.487447775669479,0.684478314314838
"TCGA-THCA",503,4,"Stage I; Stage II; Stage III; Stage IV","Stage I:n=284; Stage II:n=52; Stage III:n=112; Stage IV:n=55",FALSE,0.000156732941858809,-0.0341368115133169,0.444910904304645,0.00104488627905873,0.684478314314838
"TCGA-LIHC",347,4,"Stage I; Stage II; Stage III; Stage IV","Stage I:n=171; Stage II:n=86; Stage III:n=85; Stage IV:n=5",FALSE,0.819945608851291,0.0284106435530004,0.59789605036357,0.819945608851291,0.797194733818094
"TCGA-MESO",87,4,"Stage I; Stage II; Stage III; Stage IV","Stage I:n=10; Stage II:n=16; Stage III:n=45; Stage IV:n=16",FALSE,0.686463926375459,0.0605113757562838,0.577691667990405,0.807604619265245,0.797194733818094
"TCGA-BRCA",1070,4,"Stage I; Stage II; Stage III; Stage IV","Stage I:n=182; Stage II:n=619; Stage III:n=249; Stage IV:n=20",FALSE,0.65777193181139,-0.00651816196633001,0.831352161687071,0.807604619265245,0.897551727838094
"TCGA-LUSC",497,4,"Stage I; Stage II; Stage III; Stage IV","Stage I:n=244; Stage II:n=162; Stage III:n=84; Stage IV:n=7",FALSE,0.113099060347311,0.00912781711535712,0.839148476764402,0.363815321584986,0.897551727838094
"TCGA-READ",156,4,"Stage I; Stage II; Stage III; Stage IV","Stage I:n=30; Stage II:n=51; Stage III:n=51; Stage IV:n=24",FALSE,0.207307439318895,-0.0149882079690099,0.852674141446189,0.460683198486433,0.897551727838094
"TCGA-UVM",75,2,"Stage II; Stage III","Stage II:n=39; Stage III:n=36; Stage IV:n=4",TRUE,0.799098562922537,0.029586640505842,0.80105700001618,0.819945608851291,0.897551727838094
"TCGA-KICH",66,4,"Stage I; Stage II; Stage III; Stage IV","Stage I:n=21; Stage II:n=25; Stage III:n=14; Stage IV:n=6",FALSE,0.256228608592382,-0.00994922474839161,0.936805564398765,0.487447775669479,0.936805564398765
