"ENTREZID","SYMBOL","chr","start","end","sample","raw_or_corrected_mean0","log2_signal","scaling_method"
2048,"EPHB2","chr1",23035332,23039331,"RPMI_d1_rep1",14.66425,3.9694037904065,"PeerMedian_primary"
2048,"EPHB2","chr1",23035332,23039331,"RPMI_d1_rep2",6.6445,2.93442214303666,"PeerMedian_primary"
2048,"EPHB2","chr1",23035332,23039331,"LPS_d1_rep1",26.5865,4.78589052320053,"PeerMedian_primary"
2048,"EPHB2","chr1",23035332,23039331,"LPS_d1_rep2",21.95475,4.52072081464297,"PeerMedian_primary"
2048,"EPHB2","chr1",23035332,23039331,"RPMI_d6_rep1",17.9652815411321,4.24528888360257,"PeerMedian_primary"
2048,"EPHB2","chr1",23035332,23039331,"RPMI_d6_rep2",10.164243125943,3.48081354260292,"PeerMedian_primary"
2048,"EPHB2","chr1",23035332,23039331,"LPS_d6_rep1",11.0564475138122,3.59173296819446,"PeerMedian_primary"
2048,"EPHB2","chr1",23035332,23039331,"LPS_d6_rep2",16.6940814740815,4.14519496616267,"PeerMedian_primary"
3718,"JAK3","chr19",17956881,17960880,"RPMI_d1_rep1",10.1785,3.4826547063469,"PeerMedian_primary"
3718,"JAK3","chr19",17956881,17960880,"RPMI_d1_rep2",5.1465,2.61976513077401,"PeerMedian_primary"
3718,"JAK3","chr19",17956881,17960880,"LPS_d1_rep1",20.98425,4.45839841025633,"PeerMedian_primary"
3718,"JAK3","chr19",17956881,17960880,"LPS_d1_rep2",17.093,4.1773597359191,"PeerMedian_primary"
3718,"JAK3","chr19",17956881,17960880,"RPMI_d6_rep1",11.9050284257864,3.68986141413373,"PeerMedian_primary"
3718,"JAK3","chr19",17956881,17960880,"RPMI_d6_rep2",5.61580301878791,2.72591627984648,"PeerMedian_primary"
3718,"JAK3","chr19",17956881,17960880,"LPS_d6_rep1",10.742746148311,3.55369793018846,"PeerMedian_primary"
3718,"JAK3","chr19",17956881,17960880,"LPS_d6_rep2",13.8976794227831,3.89701571779121,"PeerMedian_primary"
2048,"EPHB2","chr1",23035332,23039331,"RPMI_d1_rep1",14.66425,3.9694037904065,"RPMI_rep1_matching_sensitivity"
2048,"EPHB2","chr1",23035332,23039331,"RPMI_d1_rep2",6.6445,2.93442214303666,"RPMI_rep1_matching_sensitivity"
2048,"EPHB2","chr1",23035332,23039331,"LPS_d1_rep1",26.5865,4.78589052320053,"RPMI_rep1_matching_sensitivity"
2048,"EPHB2","chr1",23035332,23039331,"LPS_d1_rep2",21.95475,4.52072081464297,"RPMI_rep1_matching_sensitivity"
2048,"EPHB2","chr1",23035332,23039331,"RPMI_d6_rep1",17.9652815411321,4.24528888360257,"RPMI_rep1_matching_sensitivity"
2048,"EPHB2","chr1",23035332,23039331,"RPMI_d6_rep2",12.4696312579986,3.75163845128977,"RPMI_rep1_matching_sensitivity"
2048,"EPHB2","chr1",23035332,23039331,"LPS_d6_rep1",11.0564475138122,3.59173296819446,"RPMI_rep1_matching_sensitivity"
2048,"EPHB2","chr1",23035332,23039331,"LPS_d6_rep2",16.6940814740815,4.14519496616267,"RPMI_rep1_matching_sensitivity"
3718,"JAK3","chr19",17956881,17960880,"RPMI_d1_rep1",10.1785,3.4826547063469,"RPMI_rep1_matching_sensitivity"
3718,"JAK3","chr19",17956881,17960880,"RPMI_d1_rep2",5.1465,2.61976513077401,"RPMI_rep1_matching_sensitivity"
3718,"JAK3","chr19",17956881,17960880,"LPS_d1_rep1",20.98425,4.45839841025633,"RPMI_rep1_matching_sensitivity"
3718,"JAK3","chr19",17956881,17960880,"LPS_d1_rep2",17.093,4.1773597359191,"RPMI_rep1_matching_sensitivity"
3718,"JAK3","chr19",17956881,17960880,"RPMI_d6_rep1",11.9050284257864,3.68986141413373,"RPMI_rep1_matching_sensitivity"
3718,"JAK3","chr19",17956881,17960880,"RPMI_d6_rep2",6.88954327382283,2.9799417849456,"RPMI_rep1_matching_sensitivity"
3718,"JAK3","chr19",17956881,17960880,"LPS_d6_rep1",10.742746148311,3.55369793018846,"RPMI_rep1_matching_sensitivity"
3718,"JAK3","chr19",17956881,17960880,"LPS_d6_rep2",13.8976794227831,3.89701571779121,"RPMI_rep1_matching_sensitivity"
