"Gene","Mark","Contrast","Effect","CI_low","CI_high","P_value","FDR_target2","Interpretation"
"EPHB2","H3K27ac","Day1_effect",-1.94189198766981,-3.21713139830762,-0.666652577031995,0.00933614287305369,0.00933614287305369,""
"JAK3","H3K27ac","Day1_effect",1.51242152578138,0.642531873261103,2.38231117830165,0.00499204497307609,0.00933614287305369,"Positive Day1 LPS effect"
"EPHB2","H3K27ac","Day6_effect",-0.472378648592228,-1.74761805923004,0.802860762045587,0.404124753573693,0.404124753573693,""
"JAK3","H3K27ac","Day6_effect",1.52768799425447,0.657798341734195,2.39757764677474,0.00475289878735227,0.00950579757470453,"Positive Day6 LPS effect"
"EPHB2","H3K27ac","Trajectory_change",1.46951333907758,-0.333947530719089,3.27297420887425,0.0941233048659879,0.188246609731976,"Directional upward shift, but CI overlaps zero"
"JAK3","H3K27ac","Trajectory_change",0.0152664684730928,-1.2149432758891,1.24547621283528,0.977040390805243,0.977040390805243,"No evidence of trajectory change; consistent with persistence"
"EPHB2","H3K4me1","Day1_effect",1.20139270220017,0.118140625533966,2.28464477886637,0.0347382462685662,0.0347382462685662,""
"JAK3","H3K4me1","Day1_effect",1.26666915452726,0.218878216275549,2.31446009277898,0.0250607855014949,0.0347382462685662,""
"EPHB2","H3K4me1","Day6_effect",0.00541275407581931,-1.07783932259038,1.08866483074202,0.990721802421295,0.990721802421295,""
"JAK3","H3K4me1","Day6_effect",0.517467976999732,-0.530322961251982,1.56525891525145,0.274986523217094,0.549973046434188,""
"EPHB2","H3K4me1","Trajectory_change",-1.19597994812435,-2.72792972641452,0.335969830165814,0.105477143893508,0.210954287787016,"Directional attenuation, uncertain"
"JAK3","H3K4me1","Trajectory_change",-0.749201177527531,-2.23100133293474,0.732598977879674,0.26482472457013,0.26482472457013,"Directional attenuation, uncertain"
