"project","Endpoint","Recommendation","N","Events","HR","CI95_low","CI95_high","Cox_P","PH_P","PH_violation","Low_event_n","Analysis_status","Cox_FDR","Direction"
"TCGA-KIRC","PFI","PFI",531,159,1.49675639453313,1.26600508492006,1.76956611885748,2.34700588284385e-06,0.581243448592239,FALSE,FALSE,"Analysed",7.51041882510033e-05,"Higher JAK3 = higher hazard"
"TCGA-LGG","PFI","PFI",514,192,1.27467661659235,1.11249559010464,1.46050060003788,0.00047346925888732,0.249211920563897,FALSE,FALSE,"Analysed",0.00757550814219712,"Higher JAK3 = higher hazard"
"TCGA-HNSC","PFI","PFI",519,197,0.804560836042226,0.704167704748811,0.919267007741963,0.00138450369620045,0.0869209013003034,FALSE,FALSE,"Analysed",0.0147680394261381,"Higher JAK3 = lower hazard"
"TCGA-CESC","PFI","PFI",304,71,0.692532470417241,0.544247827102665,0.881218442589642,0.00280309594246138,0.842787233321649,FALSE,FALSE,"Analysed",0.0224247675396911,"Higher JAK3 = lower hazard"
"TCGA-ACC","PFI","PFI",79,41,0.726234409167055,0.582156727111763,0.90596980588866,0.00457961071614542,0.750606378763163,FALSE,FALSE,"Analysed",0.0293095085833307,"Higher JAK3 = lower hazard"
"TCGA-GBM","PFI","PFI",283,229,1.1810042247529,1.04298370803703,1.33728932497828,0.00869857977104211,0.635743970642912,FALSE,FALSE,"Analysed",0.0463924254455579,"Higher JAK3 = higher hazard"
"TCGA-STAD","PFI","PFI",408,133,1.20069192832268,1.0174713650193,1.41690582782336,0.0303885196501612,0.612425194263996,FALSE,FALSE,"Analysed",0.138918946972165,"Higher JAK3 = higher hazard"
"TCGA-KICH","PFI","PFI use with caution",65,11,2.03978153316804,1.05243912198057,3.95339608358855,0.0347425485916235,0.600202779304818,FALSE,TRUE,"Analysed",0.138970194366494,"Higher JAK3 = higher hazard"
"TCGA-BRCA","PFI","PFI",1089,145,0.870048624236057,0.742514666460583,1.01948775253619,0.0851942268316993,0.252072581556532,FALSE,FALSE,"Analysed",0.270329495190613,"Higher JAK3 = lower hazard"
"TCGA-LAML","OS","OS used because PFI unavailable",140,87,0.821292477317142,0.657121390945937,1.02647903810701,0.0835809053130909,0.823025559662113,FALSE,FALSE,"Analysed",0.270329495190613,"Higher JAK3 = lower hazard"
"TCGA-PRAD","PFI","PFI",497,93,1.22358174943374,0.966954968450037,1.54831646394783,0.0929257639717734,0.337372301367807,FALSE,FALSE,"Analysed",0.270329495190613,"Higher JAK3 = higher hazard"
"TCGA-BLCA","PFI","PFI",403,171,0.890616357547318,0.76678686585305,1.03444324838353,0.129362998479465,0.153419572377713,FALSE,FALSE,"Analysed",0.344967995945241,"Higher JAK3 = lower hazard"
"TCGA-CHOL","PFI","PFI",35,20,0.73347959150712,0.483622529611123,1.11242193698058,0.144673964288914,0.347690434078784,FALSE,FALSE,"Analysed",0.356120527480403,"Higher JAK3 = lower hazard"
"TCGA-COAD","PFI","PFI",455,122,1.15124700084576,0.921736567672105,1.43790504081188,0.214395343274007,0.612197868146443,FALSE,FALSE,"Analysed",0.490046498912015,"Higher JAK3 = higher hazard"
"TCGA-SARC","PFI","PFI",259,138,0.938004310771172,0.826517979589693,1.06452867179258,0.321511736568942,0.83348035736131,FALSE,FALSE,"Analysed",0.659304518791772,"Higher JAK3 = lower hazard"
"TCGA-SKCM","PFI","PFI",103,37,0.844749820898752,0.601738090684275,1.18590175851589,0.329652259395886,0.967511404204274,FALSE,FALSE,"Analysed",0.659304518791772,"Higher JAK3 = lower hazard"
"TCGA-LUAD","PFI","PFI",508,207,0.926709178334801,0.787323693450324,1.09077106195858,0.360068255679143,0.687511936006618,FALSE,FALSE,"Analysed",0.677775540101916,"Higher JAK3 = lower hazard"
"TCGA-KIRP","PFI","PFI",288,57,1.11712212082436,0.864881571083882,1.44292799680209,0.396310581206471,0.181757757600026,FALSE,FALSE,"Analysed",0.704552144367059,"Higher JAK3 = higher hazard"
"TCGA-DLBC","PFI","PFI use with caution",48,12,1.43578934630576,0.500869679519853,4.11582319964209,0.500829260573697,0.917890349302621,FALSE,TRUE,"Analysed",0.709048664221998,"Higher JAK3 = higher hazard"
"TCGA-LIHC","PFI","PFI",369,179,0.950378052521935,0.816955619341381,1.10559058696915,0.509628727409561,0.555637660555929,FALSE,FALSE,"Analysed",0.709048664221998,"Higher JAK3 = lower hazard"
"TCGA-LUSC","PFI","PFI",496,146,1.05620104941957,0.901022276362375,1.23810552309401,0.500044082752155,0.455858518387342,FALSE,FALSE,"Analysed",0.709048664221998,"Higher JAK3 = higher hazard"
"TCGA-OV","PFI","PFI",389,280,0.951028673000932,0.838189231613644,1.07905888402872,0.435868114769509,0.403526900779717,FALSE,FALSE,"Analysed",0.709048664221998,"Higher JAK3 = lower hazard"
"TCGA-TGCT","PFI","PFI",134,35,0.880922485041221,0.619224752433588,1.25321932238881,0.480842284283445,0.110186284557661,FALSE,FALSE,"Analysed",0.709048664221998,"Higher JAK3 = lower hazard"
"TCGA-UCEC","PFI","PFI",544,124,1.055598911141,0.877417154302439,1.26996498272015,0.566229186875141,0.594620054700913,FALSE,FALSE,"Analysed",0.754972249166855,"Higher JAK3 = higher hazard"
"TCGA-MESO","PFI","PFI",84,59,0.940568622352382,0.690541855423993,1.28112340534473,0.69755342157643,0.916339973174882,FALSE,FALSE,"Analysed",0.827544992875186,"Higher JAK3 = lower hazard"
"TCGA-THYM","PFI","PFI",119,21,1.13357140249404,0.646154326772668,1.9886644278471,0.661990649243049,0.0229409192299559,TRUE,FALSE,"Analysed",0.827544992875186,"Higher JAK3 = higher hazard"
"TCGA-UVM","PFI","PFI",79,29,0.919439481301429,0.601336408315425,1.40581702369235,0.698241087738438,0.159649197876885,FALSE,FALSE,"Analysed",0.827544992875186,"Higher JAK3 = lower hazard"
"TCGA-UCS","PFI","PFI",57,37,0.958607723611759,0.733482427570412,1.25282997005392,0.756919108247751,0.0280140111855366,TRUE,FALSE,"Analysed",0.865050409426002,"Higher JAK3 = lower hazard"
"TCGA-THCA","PFI","PFI",505,52,1.02250055026739,0.810565767054956,1.28984891515439,0.851065835886858,0.659881369388055,FALSE,FALSE,"Analysed",0.939107129254464,"Higher JAK3 = higher hazard"
"TCGA-PAAD","PFI","PFI",178,104,0.9870728086638,0.807599906758123,1.20642996792129,0.898877142909296,0.0148214665161468,TRUE,FALSE,"Analysed",0.958802285769915,"Higher JAK3 = lower hazard"
"TCGA-READ","PFI","PFI",165,37,1.0183804990324,0.661588961688791,1.5675878844202,0.934039374906316,0.276038673034907,FALSE,FALSE,"Analysed",0.964169677322649,"Higher JAK3 = higher hazard"
"TCGA-ESCA","PFI","PFI",184,87,0.998909996199551,0.816391745688874,1.22223330377431,0.991547455413624,0.95354479048489,FALSE,FALSE,"Analysed",0.991547455413624,"Higher JAK3 = lower hazard"
"TCGA-PCPG",NA,"No TCGA-CDR survival endpoint recommended",NA,NA,NA,NA,NA,NA,NA,NA,NA,"Not analysed",NA,NA
