"project","tumor_n","normal_n","Normal_P95_TPM","Aberrant_tumor_n","Aberrant_tumor_percent","Small_normal_n"
"TCGA-BLCA",406,19,30.0011999999999,21,5.17241379310345,FALSE
"TCGA-BRCA",1095,113,10.83986,221,20.1826484018265,FALSE
"TCGA-CESC",304,3,5.68709,184,60.5263157894737,TRUE
"TCGA-CHOL",35,9,2.97542,30,85.7142857142857,TRUE
"TCGA-COAD",458,41,9.3554,91,19.8689956331878,FALSE
"TCGA-ESCA",184,13,12.55754,54,29.3478260869565,FALSE
"TCGA-GBM",284,5,8.70178,78,27.4647887323944,TRUE
"TCGA-HNSC",520,44,9.843525,173,33.2692307692308,FALSE
"TCGA-KICH",66,25,7.21514,2,3.03030303030303,FALSE
"TCGA-KIRC",533,72,7.869075,401,75.234521575985,FALSE
"TCGA-KIRP",290,32,9.86904,126,43.448275862069,FALSE
"TCGA-LIHC",371,50,4.15643,97,26.1455525606469,FALSE
"TCGA-LUAD",517,59,15.98185,174,33.6557059961315,FALSE
"TCGA-LUSC",501,51,17.24715,119,23.75249500998,FALSE
"TCGA-PAAD",178,4,94.85625,1,0.561797752808989,TRUE
"TCGA-PCPG",179,3,1.96986,92,51.3966480446927,TRUE
"TCGA-PRAD",497,52,9.29796,25,5.03018108651911,FALSE
"TCGA-READ",166,10,10.43773,26,15.6626506024096,FALSE
"TCGA-SARC",259,2,1.99636,224,86.4864864864865,TRUE
"TCGA-SKCM",103,1,41.126,0,0,TRUE
"TCGA-STAD",412,36,11.76655,165,40.0485436893204,FALSE
"TCGA-THCA",505,59,30.3583399999999,10,1.98019801980198,FALSE
"TCGA-THYM",120,2,44.48025,10,8.33333333333333,TRUE
"TCGA-UCEC",545,35,25.00009,19,3.48623853211009,FALSE
